2014,1,Sami Aittokallio,/players/a/aittosa01.html,21,COL,/teams/COL/2014.html,1,1,0,1,0,3,18,15,.833,4.50,0,40,0,.000,1,,,0,0,0,0
2014,2,Frederik Andersen,/players/a/anderfr01.html,24,ANA,/teams/ANA/2014.html,28,24,20,5,0,60,783,723,.923,2.29,0,1569,12,.500,0,89,7.47,0,1,1,0
2014,3,Craig Anderson,/players/a/andercr01.html,32,OTT,/teams/OTT/2014.html,53,52,25,16,8,150,1680,1530,.911,3.00,4,3000,26,.500,10,104,-5.24,0,1,1,2
2014,4,Richard Bachman,/players/b/bachmri01.html,26,EDM,/teams/EDM/2014.html,3,3,0,2,1,7,83,76,.916,3.02,0,139,1,.333,2,,,0,0,0,0
2014,5,Niklas Backstrom,/players/b/backsni01.html,35,MIN,/teams/MIN/2014.html,21,19,5,11,2,55,546,491,.899,3.02,0,1094,9,.474,3,117,-7.95,0,0,0,0
2014,6,Jonathan Bernier,/players/b/bernijo01.html,25,TOR,/teams/TOR/2014.html,55,49,26,19,7,139,1788,1649,.922,2.70,1,3084,30,.612,5,90,15.07,0,1,1,4
2014,7,Reto Berra,/players/b/berrare01.html,27,TOT,,31,29,9,18,3,88,820,732,.893,3.07,0,1720,14,.483,7,125,-17.34,0,0,0,2
2014,8,Martin Biron,/players/b/bironma01.html,36,NYR,/teams/NYR/2014.html,2,1,0,1,0,9,38,29,.763,7.61,0,71,0,.000,1,,,0,0,0,0
2014,9,Ben Bishop,/players/b/bishobe01.html,27,TBL,/teams/TBL/2014.html,63,63,37,14,7,133,1758,1625,.924,2.23,5,3586,38,.603,8,88,18.48,0,2,2,4
2014,10,Sergei Bobrovsky,/players/b/bobrose01.html,25,CBJ,/teams/CBJ/2014.html,58,57,32,20,5,131,1699,1568,.923,2.38,5,3299,35,.614,5,89,15.40,0,1,1,2
2014,11,Martin Brodeur,/players/b/brodema01.html,41,NJD,/teams/NJD/2014.html,39,39,19,14,6,96,971,875,.901,2.51,3,2297,18,.462,8,115,-12.33,0,3,3,2
2014,12,Ilya Bryzgalov,/players/b/bryzgil01.html,33,TOT,,32,30,12,9,8,81,891,810,.909,2.68,4,1814,16,.533,4,106,-4.23,0,0,0,0
2014,13,Peter Budaj,/players/b/budajpe01.html,31,MTL,/teams/MTL/2014.html,24,21,10,8,3,56,615,559,.909,2.51,1,1338,9,.429,3,106,-3.01,0,0,0,6
2014,14,Jack Campbell,/players/c/campbja01.html,22,DAL,/teams/DAL/2014.html,1,1,0,1,0,6,47,41,.872,6.00,0,60,0,.000,0,,,0,0,0,0
2014,15,Scott Clemmensen,/players/c/clemmsc01.html,36,FLA,/teams/FLA/2014.html,17,14,6,7,1,47,454,407,.896,3.09,0,914,6,.429,3,120,-7.88,0,1,1,0
2014,16,Corey Crawford,/players/c/crawfco01.html,29,CHI,/teams/CHI/2014.html,59,56,32,16,10,128,1533,1405,.917,2.26,2,3395,31,.554,6,97,4.09,0,1,1,0
2014,17,John Curry,/players/c/curryjo01.html,29,MIN,/teams/MIN/2014.html,2,1,1,0,0,4,57,53,.930,3.00,0,80,1,1.000,0,,,0,0,0,0
2014,18,Cedrick Desjardins,/players/d/desjace01.html,28,TBL,/teams/TBL/2014.html,1,0,0,1,0,2,13,11,.846,6.67,0,18,0,,0,,,0,0,0,2
2014,19,Devan Dubnyk,/players/d/dubnyde01.html,27,TOT,,34,31,11,18,3,103,945,842,.891,3.43,2,1802,11,.355,8,126,-21.57,0,0,0,6
2014,20,Brian Elliott,/players/e/elliobr01.html,28,STL,/teams/STL/2014.html,31,25,18,6,2,53,681,628,.922,1.96,4,1624,15,.600,2,90,5.68,0,2,2,0
2014,21,Dan Ellis,/players/e/ellisda01.html,33,TOT,,20,16,5,11,0,62,514,452,.879,3.62,1,1027,4,.250,6,140,-17.71,0,1,1,0
2014,22,Ray Emery,/players/e/emeryra01.html,31,PHI,/teams/PHI/2014.html,28,21,9,12,2,69,711,642,.903,2.96,2,1398,11,.524,2,113,-7.74,0,0,0,31
2014,23,Jhonas Enroth,/players/e/enrotjh01.html,25,BUF,/teams/BUF/2014.html,28,26,4,17,5,74,834,760,.911,2.82,0,1574,14,.538,3,103,-2.14,0,0,0,0
2014,24,Joacim Eriksson,/players/e/eriksjo01.html,23,VAN,/teams/VAN/2014.html,1,0,,,,6,31,25,.806,10.00,0,36,0,,0,,,0,0,0,0
2014,25,Viktor Fasth,/players/f/fasthvi01.html,31,TOT,,12,12,5,5,2,33,340,307,.903,2.82,0,701,5,.417,2,113,-3.70,0,0,0,0
2014,26,Marc-Andre Fleury,/players/f/fleurma01.html,29,PIT,/teams/PIT/2014.html,64,64,39,18,5,150,1774,1624,.915,2.37,5,3792,33,.516,11,98,2.86,0,0,0,4
2014,27,John Gibson,/players/g/gibsojo02.html,20,ANA,/teams/ANA/2014.html,3,3,3,0,0,4,87,83,.954,1.33,1,181,3,1.000,0,,,0,0,0,0
2014,28,Jean-Sebastien Giguere,/players/g/gigueje01.html,36,COL,/teams/COL/2014.html,22,19,11,6,1,53,608,555,.913,2.62,2,1212,12,.632,4,101,-0.61,0,0,0,4
2014,29,Thomas Greiss,/players/g/greisth01.html,28,PHX,/teams/PHX/2014.html,25,20,10,8,5,50,626,576,.920,2.29,2,1312,12,.600,2,93,3.94,0,0,0,0
2014,30,Philipp Grubauer,/players/g/grubaph01.html,22,WSH,/teams/WSH/2014.html,17,14,6,5,5,35,469,434,.925,2.38,0,883,9,.643,2,87,5.41,0,0,0,0
2014,31,Kristers Gudlevskis,/players/g/gudlekr01.html,21,TBL,/teams/TBL/2014.html,1,1,1,0,0,2,38,36,.947,2.00,0,60,1,1.000,0,,,0,0,0,0
2014,32,Jonas Gustavsson,/players/g/gustajo01.html,29,DET,/teams/DET/2014.html,27,26,16,5,4,68,735,667,.907,2.63,0,1551,13,.500,6,107,-4.67,0,0,0,0
2014,33,Matt Hackett,/players/h/hackema01.html,23,BUF,/teams/BUF/2014.html,8,8,1,6,1,22,239,217,.908,3.10,0,426,4,.500,1,,,0,0,0,0
2014,34,Jaroslav Halak,/players/h/halakja01.html,28,TOT,,52,50,29,13,7,110,1385,1275,.921,2.25,5,2939,30,.600,6,92,9.34,0,1,1,0
2014,35,Andrew Hammond,/players/h/hammoan01.html,25,OTT,/teams/OTT/2014.html,1,0,,,,0,11,11,1.000,0.00,0,35,0,,0,,,0,0,0,0
2014,36,Josh Harding,/players/h/hardijo01.html,29,MIN,/teams/MIN/2014.html,29,26,18,7,3,46,690,644,.933,1.65,3,1668,21,.808,3,77,13.45,0,0,0,0
2014,37,Cal Heeter,/players/h/heeteca01.html,25,PHI,/teams/PHI/2014.html,1,1,0,0,1,5,38,33,.868,4.69,0,64,0,.000,0,,,0,0,0,0
2014,38,Magnus Hellberg,/players/h/hellbma01.html,22,NSH,/teams/NSH/2014.html,1,0,,,,1,4,3,.750,5.00,0,12,0,,0,,,0,0,0,0
2014,39,Jonas Hiller,/players/h/hillejo01.html,31,ANA,/teams/ANA/2014.html,50,50,29,13,7,120,1348,1228,.911,2.48,5,2909,27,.540,11,103,-3.85,0,2,2,0
2014,40,Braden Holtby,/players/h/holtbbr01.html,24,WSH,/teams/WSH/2014.html,48,45,23,15,4,126,1475,1349,.915,2.85,4,2656,26,.578,7,99,1.10,0,2,2,7
2014,41,Jimmy Howard,/players/h/howarja02.html,29,DET,/teams/DET/2014.html,51,50,21,19,11,133,1482,1349,.910,2.66,2,3004,25,.500,7,104,-5.30,0,0,0,6
2014,42,Michael Hutchinson,/players/h/hutchmi01.html,23,WPG,/teams/WPG/2014.html,3,3,2,1,0,5,88,83,.943,1.64,0,183,3,1.000,0,,,0,0,0,0
2014,43,Carter Hutton,/players/h/huttoca01.html,28,NSH,/teams/NSH/2014.html,40,34,20,11,4,91,1006,915,.910,2.62,1,2085,15,.441,8,105,-4.32,0,1,1,2
2014,44,Chad Johnson,/players/j/johnsch02.html,27,BOS,/teams/BOS/2014.html,27,23,17,4,3,53,708,655,.925,2.10,2,1511,15,.652,2,87,8.01,0,0,0,0
2014,45,Martin Jones,/players/j/jonesma02.html,24,LAK,/teams/LAK/2014.html,19,18,12,6,0,33,500,467,.934,1.81,4,1095,13,.722,1,77,10.08,0,1,1,0
2014,46,Nikolai Khabibulin,/players/k/khabini01.html,41,CHI,/teams/CHI/2014.html,4,4,1,0,1,14,74,60,.811,5.00,0,168,1,.250,3,,,0,0,0,0
2014,47,Anton Khudobin,/players/k/khudoan01.html,27,CAR,/teams/CAR/2014.html,36,34,19,14,1,80,1076,996,.926,2.30,1,2084,22,.647,2,86,12.72,0,0,0,0
2014,48,Connor Knapp,/players/k/knappco01.html,23,BUF,/teams/BUF/2014.html,2,1,0,0,1,4,32,28,.875,3.12,0,77,0,.000,0,,,0,1,1,0
2014,49,Darcy Kuemper,/players/k/kuempda01.html,23,MIN,/teams/MIN/2014.html,26,25,12,8,4,60,702,642,.915,2.43,2,1480,12,.480,4,99,0.49,0,0,0,0
2014,50,Jason LaBarbera,/players/l/labarja01.html,34,EDM,/teams/EDM/2014.html,7,4,1,3,0,19,146,127,.870,3.28,0,348,0,.000,3,,,0,0,0,0
2014,51,Eddie Lack,/players/l/lacked01.html,26,VAN,/teams/VAN/2014.html,41,37,16,17,5,93,1052,959,.912,2.41,4,2319,20,.541,5,103,-2.35,0,0,0,0
2014,52,Nathan Lawson,/players/l/lawsona01.html,30,OTT,/teams/OTT/2014.html,1,0,,,,2,10,8,.800,10.00,0,12,0,,0,,,0,0,0,0
2014,53,Robin Lehner,/players/l/lehnero01.html,22,OTT,/teams/OTT/2014.html,36,30,12,15,6,99,1141,1042,.913,3.06,1,1942,19,.633,5,101,-0.68,0,0,0,4
2014,54,Kari Lehtonen,/players/l/lehtoka01.html,30,DAL,/teams/DAL/2014.html,65,64,33,20,10,153,1888,1735,.919,2.41,5,3804,36,.563,10,94,9.68,0,4,4,4
2014,55,Nathan Lieuwen,/players/l/lieuwna01.html,22,BUF,/teams/BUF/2014.html,7,5,1,4,0,18,191,173,.906,2.98,0,363,2,.400,0,,,0,0,0,0
2014,56,Anders Lindback,/players/l/lindban01.html,25,TBL,/teams/TBL/2014.html,23,18,8,12,2,63,580,517,.891,2.90,1,1302,6,.333,3,126,-13.02,0,0,0,2
2014,57,Henrik Lundqvist,/players/l/lundqhe01.html,31,NYR,/teams/NYR/2014.html,63,62,33,24,5,144,1810,1666,.920,2.36,5,3655,36,.581,9,92,11.96,0,4,4,0
2014,58,Roberto Luongo,/players/l/luongro01.html,34,TOT,,56,56,25,23,7,129,1589,1460,.919,2.40,4,3222,29,.518,4,94,7.92,0,0,0,2
2014,59,Joey MacDonald,/players/m/macdojo01.html,33,CGY,/teams/CGY/2014.html,11,9,5,4,1,29,264,235,.890,2.90,0,599,2,.222,2,,,0,0,0,2
2014,60,Drew MacIntyre,/players/m/macindr01.html,30,TOR,/teams/TOR/2014.html,2,1,0,1,0,4,51,47,.922,2.53,0,95,0,.000,0,,,0,0,0,0
2014,61,Jacob Markstrom,/players/m/marksja02.html,24,TOT,,16,12,2,8,3,46,361,315,.873,3.39,0,814,3,.250,4,148,-14.89,0,0,0,0
2014,62,Steve Mason,/players/m/masonst01.html,25,PHI,/teams/PHI/2014.html,61,60,33,18,7,145,1751,1606,.917,2.50,4,3486,35,.583,9,96,5.88,0,1,1,10
2014,63,Marek Mazanec,/players/m/mazanma01.html,22,NSH,/teams/NSH/2014.html,25,22,8,10,4,64,650,586,.902,2.80,2,1370,11,.500,6,114,-7.99,0,0,0,0
2014,64,Curtis McElhinney,/players/m/mcelhcu01.html,30,CBJ,/teams/CBJ/2014.html,28,21,10,11,1,64,703,639,.909,2.70,2,1423,12,.571,3,106,-3.43,0,1,1,0
2014,65,Mike McKenna,/players/m/mckenmi01.html,30,CBJ,/teams/CBJ/2014.html,4,3,1,1,1,11,114,103,.904,3.01,0,219,0,.000,0,,,0,0,0,0
2014,66,Ryan Miller,/players/m/millery01.html,33,TOT,,59,59,25,30,4,154,1885,1731,.918,2.64,1,3501,36,.610,7,95,8.42,0,2,2,0
2014,67,Al Montoya,/players/m/montoal01.html,28,WPG,/teams/WPG/2014.html,28,22,13,8,3,59,737,678,.920,2.30,2,1541,13,.591,1,93,4.50,0,0,0,2
2014,68,Petr Mrazek,/players/m/mrazepe01.html,21,DET,/teams/DET/2014.html,9,6,2,4,0,13,178,165,.927,1.74,2,449,4,.667,1,,,0,0,0,0
2014,69,Evgeni Nabokov,/players/n/nabokev01.html,38,NYI,/teams/NYI/2014.html,40,39,15,14,8,103,1085,982,.905,2.74,4,2254,16,.410,8,110,-9.51,0,1,1,4
2014,70,Michal Neuvirth,/players/n/neuvimi01.html,25,TOT,,15,13,4,8,2,41,517,476,.921,2.78,0,884,9,.692,2,92,3.55,0,1,1,0
2014,71,Antti Niemi,/players/n/niemian02.html,30,SJS,/teams/SJS/2014.html,64,64,39,17,7,149,1705,1556,.913,2.39,4,3740,30,.469,9,101,-2.09,0,2,2,0
2014,72,Anders Nilsson,/players/n/nilssan01.html,23,NYI,/teams/NYI/2014.html,19,17,8,7,2,57,548,491,.896,3.11,0,1101,6,.353,4,121,-9.78,0,0,0,2
2014,73,Cristopher Nilstorp,/players/n/nihlsch01.html,29,DAL,/teams/DAL/2014.html,1,0,,,,3,17,14,.824,4.62,0,39,0,,0,,,0,0,0,0
2014,74,Joni Ortio,/players/o/ortiojo01.html,22,CGY,/teams/CGY/2014.html,9,9,4,4,0,21,193,172,.891,2.51,0,501,3,.333,1,,,0,2,2,0
2014,75,Ondrej Pavelec,/players/p/pavelon01.html,26,WPG,/teams/WPG/2014.html,57,57,22,26,7,163,1644,1481,.901,3.01,1,3248,24,.421,12,115,-21.34,0,3,3,0
2014,76,Justin Peters,/players/p/peterju01.html,27,CAR,/teams/CAR/2014.html,21,20,7,9,4,51,626,575,.919,2.50,1,1225,11,.550,3,95,2.94,0,2,2,4
2014,77,Kevin Poulin,/players/p/poulike01.html,23,NYI,/teams/NYI/2014.html,28,26,11,16,1,89,820,731,.891,3.29,0,1625,8,.308,8,126,-18.34,0,0,0,0
2014,78,Carey Price,/players/p/priceca01.html,26,MTL,/teams/MTL/2014.html,59,59,34,20,5,134,1828,1694,.927,2.32,6,3464,38,.644,7,85,23.51,0,2,2,4
2014,79,Jonathan Quick,/players/q/quickjo01.html,28,LAK,/teams/LAK/2014.html,49,49,27,17,4,100,1183,1083,.915,2.07,6,2904,26,.531,6,98,1.93,0,2,2,2
2014,80,Antti Raanta,/players/r/raantan01.html,24,CHI,/teams/CHI/2014.html,25,22,13,5,4,63,610,547,.897,2.71,1,1397,12,.545,6,120,-10.44,0,1,1,0
2014,81,Karri Ramo,/players/r/ramoka01.html,27,CGY,/teams/CGY/2014.html,40,37,17,15,4,97,1091,994,.911,2.65,2,2194,19,.514,5,103,-2.99,0,1,1,10
2014,82,Tuukka Rask,/players/r/rasktu01.html,26,BOS,/teams/BOS/2014.html,58,58,36,15,6,115,1641,1526,.930,2.04,7,3386,39,.672,8,81,26.40,0,2,2,2
2014,83,James Reimer,/players/r/reimeja01.html,25,TOR,/teams/TOR/2014.html,36,32,12,16,1,97,1094,997,.911,3.26,1,1785,16,.500,8,103,-2.73,0,0,0,2
2014,84,Pekka Rinne,/players/r/rinnepe01.html,31,NSH,/teams/NSH/2014.html,24,24,10,10,3,63,645,582,.902,2.77,2,1367,12,.500,8,113,-7.42,0,0,0,0
2014,85,Cory Schneider,/players/s/schneco01.html,27,NJD,/teams/NJD/2014.html,45,43,16,15,12,88,1107,1019,.921,1.97,3,2680,25,.581,4,92,7.39,0,0,0,4
2014,86,Ben Scrivens,/players/s/scrivbe01.html,27,TOT,,40,35,16,16,4,94,1205,1111,.922,2.55,4,2210,22,.629,3,91,9.83,0,1,1,6
2014,87,Kent Simpson,/players/s/simpske01.html,21,CHI,/teams/CHI/2014.html,1,0,,,,2,7,5,.714,6.00,0,20,0,,0,,,0,0,0,0
2014,88,Mike Smith,/players/s/smithmi01.html,31,PHX,/teams/PHX/2014.html,62,61,27,21,10,159,1871,1712,.915,2.64,3,3610,35,.574,5,99,2.22,1,3,4,14
2014,89,Alex Stalock,/players/s/staloal01.html,26,SJS,/teams/SJS/2014.html,24,18,12,5,2,39,571,532,.932,1.87,2,1252,12,.667,1,79,10.20,0,0,0,2
2014,90,Niklas Svedberg,/players/s/svedbni01.html,24,BOS,/teams/BOS/2014.html,1,1,1,0,0,2,35,33,.943,1.97,0,61,1,1.000,0,,,0,0,0,0
2014,91,Cam Talbot,/players/t/talboca01.html,26,NYR,/teams/NYR/2014.html,21,19,12,6,1,33,560,527,.941,1.64,3,1211,16,.842,0,68,15.25,0,0,0,0
2014,92,Tim Thomas,/players/t/thomati01.html,39,TOT,,48,45,18,24,4,128,1390,1262,.908,2.88,0,2663,25,.556,7,107,-8.23,0,1,1,4
2014,93,Dustin Tokarski,/players/t/tokardu01.html,24,MTL,/teams/MTL/2014.html,3,2,2,0,0,5,93,88,.946,1.84,1,163,2,1.000,0,,,0,0,0,0
2014,94,Semyon Varlamov,/players/v/varlasi01.html,25,COL,/teams/COL/2014.html,63,60,41,14,6,146,2013,1867,.927,2.41,2,3640,44,.733,4,84,27.45,0,3,3,2
2014,95,Mark Visentin,/players/v/visenma01.html,21,PHX,/teams/PHX/2014.html,1,1,0,1,0,3,32,29,.906,3.05,0,59,0,.000,0,,,0,0,0,0
2014,96,Cam Ward,/players/w/wardca01.html,29,CAR,/teams/CAR/2014.html,30,28,10,12,6,84,824,740,.898,3.06,0,1645,11,.393,6,118,-13.00,0,1,1,2
2014,97,Jeff Zatkoff,/players/z/zatkoje01.html,26,PIT,/teams/PIT/2014.html,20,18,12,6,2,51,582,531,.912,2.61,1,1171,9,.500,3,102,-0.85,0,1,1,0
